col_0,col_1,col_2
0.7071067811865476,-0.7071067811865475,0
0.7071067811865475,0.7071067811865476,0
0,0,1
